{
    "current_page": 1,
    "data": [
        {
            "id": 13,
            "name": "\u9f99\u805a\u91d1\u6e90\u82b1\u56ed\u6d0b\u623f (Handan City, Hebei, China)",
            "description": "<p class=\"MsoNormal\"><span>The\r\nproject is located at the intersection of Ren Min West Road (Handan Expressway)\r\nand the tourist line in Handan City, 300 meters south of the road east, with an\r\nexcellent natural environment, beautiful scenery, environment, and traffic\r\nextending in all directions.\u00a0<\/span><span>The\r\nproject plans to build 12 English-style houses and 5 commercial buildings with\r\na plot ratio of 1.5. The design specifications are based on the standard of\r\nvillas. The greening rate is over 45%.<\/span><\/p><p class=\"MsoNormal\"><span><br><\/span><\/p>\r\n\r\n<p class=\"MsoNormal\"><span>Featuring\r\nwith dual gas access to the home, 1:1.5 underground parking space, and\r\nsuper-wide building spacing of 35 meters to 88 meters. There are facing windows\r\nin the north & south to form air convection and all rooms in the house, windows for sunlight and ventilation, which can receive sunlight entering\r\nwithout dark spaces.<\/span><\/p>",
            "on_sale": 5,
            "sold_out": 0,
            "pdf_file": "",
            "excel_file": "",
            "image": "abs\/M9F6f5qduDIWTIIA1Jjp6lPMj6gsplkHmTDX2OeJ.jpg|abs\/JD2IEC7ondrugBnzc8hkQMp0N7MwH2vyPKvu6qYJ.jpg|abs\/Gdy2meYvGvX4Zztxv6DRuZyWVmD2yvjv38IsqE50.jpg|abs\/EBHvYxPer3RADSwlDjp43FQ9efDPH1v3JTdNq0rd.jpg",
            "location": "Handan City, Hebei, China",
            "status": 1,
            "created_at": "2022-08-06T15:29:41.000000Z",
            "updated_at": "2022-08-06T15:58:05.000000Z"
        },
        {
            "id": 12,
            "name": "Quill Residences (bulk purchase)",
            "description": "<p class=\"MsoNormal\"><span>Quill Residences<\/span>\u00a0<span>is a freehold serviced residence\u00a0<\/span><span>consists of 6 unit types across a total of 552 units<\/span><span>\u00a0which located to the northeast of central Kuala Lumpur, the perfect location in the heart of Kuala Lumpur's\u00a0<\/span><span>Golden Triangle.<\/span><span><\/span><\/p><p class=\"MsoNormal\"><span><br><\/span><\/p><p class=\"MsoNormal\"><span>The Quill Residences fulfils the conveniences of life converge with absolute connectivity to major highways, public transport (LRT, Monorail, bus service), education institutions, shopping malls, hospitals and access to Kuala Lumpur\u2019s key attraction tourist areas.<\/span><\/p><p class=\"MsoNormal\"><span><br><\/span><\/p><p class=\"MsoNormal\"><span>Quill Residences offers a wide range of facilities and amenities, including swimming pool, gymnasium, playground, 24-hours vigilant security patrolling with round-the- clock CCTV surveillance and access control system.<\/span><\/p>",
            "on_sale": 14,
            "sold_out": 0,
            "pdf_file": "",
            "excel_file": "",
            "image": "abs\/h0GkcQdwXYOVKutc6VzHysWoVGFMQB73XBSiyQEh.jpg|abs\/GCjTrp0PSR1vEkdCMSreTxKwR0hHs7dHx8iX721P.jpg|abs\/Dp7L2wHIbhNFprDCHWsEn1lj4Njkqn1c3kurs00e.jpg|abs\/6jyA9ZMmcWyO6j6EUWfcKNUEdU1ggu4qVDLFnJJu.jpg|abs\/nQW08wyEUyn7tpqLnylKj4UfgljVsIyOA5ZEMuk0.jpg|abs\/MFrGMhSoyGf6e0wFLreTPqICKnbYToDpH7Lz1JuQ.jpg",
            "location": "1018, Bandar Wawasan, 50300 Kuala Lumpur, Federal Territory of Kuala Lumpur",
            "status": 1,
            "created_at": "2022-08-01T08:24:16.000000Z",
            "updated_at": "2022-08-01T08:24:41.000000Z"
        },
        {
            "id": 11,
            "name": "Bayu Temiang Residensi (bulk purchase)",
            "description": "<div><font size=\"2\">Bayu Temiang Residensi is a new development project in Seremban. This low-density condominium has good connectivity with a strategic location that is accessible to major highways, public transport, schools, shopping mall, and hospitals.<\/font><\/div><div><font size=\"2\"><br><\/font><\/div><div><font size=\"2\">The condominium is surrounded by lush landscapes and a variety of facilities (Indoor & Outdoor) available such as a clubhouse, integrated playground, and swimming pool. Residents may enjoy a greener living and modern living experience at the same time.<\/font><\/div><div><font size=\"2\"><br><\/font><\/div><div><font size=\"2\">*Low Density<\/font><\/div><div><font size=\"2\">*Recreation<\/font><\/div><div><font size=\"2\">*Gated & Guarded<\/font><\/div><div><font size=\"2\">*Matured Amenities<\/font><\/div><div><font size=\"2\">*Variety of Facilities<\/font><\/div><div><font size=\"2\">*Near Major Highways<\/font><\/div>",
            "on_sale": 22,
            "sold_out": 0,
            "pdf_file": "",
            "excel_file": "",
            "image": "abs\/mSkoobe4otlyzU30si3TLcPwKPVaE0r7XXGufEKH.jpg|abs\/K7pS8j2PSnNdiLE65eu404I1hSoCsp7QradMup6y.jpg|abs\/4UKpyzS7des8xqUl9Mss2QY3PYdfFC6XLRJjdMmQ.jpg|abs\/pOVerApVywpXGsZ6rl4trBVXzzdaKBg9068oYNaA.jpg|abs\/pDoAIbD9ovSLkb5rC3OTxo4EChspjFd07PuSm9Sf.jpg",
            "location": "Bayu Temiang Residensi@Jalan Bayu, Bandar, Taman Nee Yan, 70200 Seremban, Negeri Sembilan, Malaysia.",
            "status": 1,
            "created_at": "2022-07-28T05:51:27.000000Z",
            "updated_at": "2022-07-28T06:58:38.000000Z"
        },
        {
            "id": 10,
            "name": "Impression U-Thant",
            "description": "<p class=\"MsoNormal\"><span>Impression U-Thant is a\r\nfreehold luxury condominium\u00a0<\/span><span>completed at year 2021. It is located at\r\nJalan U Thant, Taman U Thant, Ampang Hilir, Kuala Lumpur. <br><br><\/span><\/p>\r\n\r\n<p class=\"MsoNormal\"><span>Yong Tai, KOF Holdings, RISDA\r\nto build a high-end low density condominium named Impression U-Thant\r\nstrategically located at the heart of Kuala Lumpur city center.<br><br><\/span><\/p>\r\n\r\n<p class=\"MsoNormal\"><span>The 108-unit residence is\r\ncatered exclusively for the high society. Distinguished by a low density of\r\nnine stories. This project offers a plethora of leading-edge essentialities\r\ninvented for ultra-urbanites.<br><br><\/span><\/p>\r\n\r\n<p class=\"MsoNormal\"><span>The freehold units open doors\r\nto an investment in quality, while the dual-key feature allows unit conversions\r\ninto esteemed investments.<\/span><\/p>",
            "on_sale": 0,
            "sold_out": 29,
            "pdf_file": "",
            "excel_file": "",
            "image": "abs\/skoDYNEfm1AmkDi6ViNYVJWm3VxWRe6V7KM3VIlE.jpg|abs\/qfriBHH6yYoq4xm4EeO0Gl2jOz4tneKTcXgYOtUF.jpg|abs\/5jwcON1CPAICyrZk89RFlPsxKvdVBRPlf6VxfZlA.jpg|abs\/IDKYgtD3vvm0gQJcYDTL7vjZdO4sme8JOvgDB2zY.jpg|abs\/LapPIqw5dMglwPCDXreu4Tg3HbK07jUWimrcQxYn.jpg|abs\/PXBihuqlM6nmPH4pGHUcOAorrNxJkT8bOW9FAwRF.jpg",
            "location": "29, Jalan U Thant, Taman U Thant, 55000 Kuala Lumpur, Wilayah Persekutuan Kuala Lumpur",
            "status": 1,
            "created_at": "2022-07-08T06:53:43.000000Z",
            "updated_at": "2022-08-13T08:58:36.000000Z"
        },
        {
            "id": 9,
            "name": "Amber Cove (Melaka)",
            "description": "<p class=\"MsoNormal\"><span><font size=\"2\">Amber Cove\u2019s prime location\r\nwill be one of the main attractions as it stands next to a major coastal road\r\nwith the site of the highly anticipated landmark project Encore Melaka at its\r\ndoorstep and also fronting the Straits of Melaka with wonderful Seaview!<\/font><\/span><\/p><p class=\"MsoNormal\"><span><font size=\"2\"><br><\/font><\/span><\/p>\r\n\r\n<p class=\"MsoNormal\"><u><span><font size=\"2\">Highlights:\u00a0<\/font><\/span><\/u><\/p>\r\n\r\n<p class=\"MsoListParagraphCxSpFirst\"><font size=\"2\"><span>-\u00a0<\/span><span>Excellent Connectivity<\/span><\/font><\/p>\r\n\r\n<p class=\"MsoListParagraphCxSpMiddle\"><font size=\"2\"><span>-<span>\u00a0<\/span><\/span><span>Impression Melaka is located less than 1km<\/span><\/font><\/p>\r\n\r\n<p class=\"MsoListParagraphCxSpMiddle\"><font size=\"2\"><span>-<span>\u00a0<\/span><\/span><span>Exceptional clear height<\/span><\/font><\/p>\r\n\r\n<p class=\"MsoListParagraphCxSpMiddle\"><font size=\"2\"><span>-<span>\u00a0<\/span><\/span><span>Urban living in integrated development<\/span><\/font><\/p>\r\n\r\n<p class=\"MsoListParagraphCxSpMiddle\"><font size=\"2\"><span>-<span>\u00a0<\/span><\/span><span>2.5km from heritage area<\/span><\/font><\/p>\r\n\r\n<p class=\"MsoListParagraphCxSpLast\"><font size=\"2\"><span>-<span>\u00a0<\/span><\/span><\/font><span><font size=\"2\">Wide range of facilities<\/font><span><\/span><\/span><\/p>",
            "on_sale": 0,
            "sold_out": 50,
            "pdf_file": "",
            "excel_file": "",
            "image": "abs\/PAavPQuMD5EmqZJzoilKtsbOTak25VJ3kGbHGDTf.jpg|abs\/fCBcC56wTeQfdL8osGJ3n8J0X72qVosY0S7FOSxm.jpg|abs\/RfX0cG5GsxlNLiyHPaz51kKE8iN7XFIrueHdIGQm.jpg|abs\/NOtU4yvp8bHFWm3B87aZ9tuc7N9CN5vijMZ9Fg5j.jpg|abs\/FONuR6ItouPCZjq4Er14edrGnSELYMTjBxuNUhO9.jpg|abs\/U1gQQ21cSj1jRhL0sGRutv10bqfhDIZbAJXAFzGv.jpg|abs\/7THzScxw7mCQaOvU1qt0P2At6hXJ00ewRhULtgQc.jpg|abs\/OUszExYygjTjLNehaiHQHsMzzDMWchiSp9spQofN.jpg|abs\/m695U3Bgl8SSLnjjxUdoUpjMMZnZduYkU2tyG1ge.jpg",
            "location": "No. 3, Jalan KSB \u2013 Impression 8 Impression City @ Kota Syahbandar, Impression City, 75200, Melaka",
            "status": 1,
            "created_at": "2022-05-07T04:52:31.000000Z",
            "updated_at": "2022-07-21T07:12:36.000000Z"
        },
        {
            "id": 5,
            "name": "The Apple Melaka",
            "description": "<p dir=\"ltr\"><span>*The 39-floor FREEHOLD <span>The Apple<\/span> appeals to all walks of life. Ideally located in the heart of Melaka with the 4-STAR INTERNATIONAL HOTEL just next door.\u00a0<\/span><span>The Apple serviced apartment is one of the tallest residency building in the state. This urban oasis is only 1km from Melaka town and just 13km from the nearest exit toll. This exclusive address is located next to The Courtyard Melaka, along with many facilities and landmarks just a short distance away.\u00a0<\/span><\/p><p dir=\"ltr\"><span><br><\/span><\/p><p dir=\"ltr\"><span>*There are seven type of room ranging from sizes of <span>474 to 2,088<\/span> sqft. The Apple will also incorporate the first dual-key system SOHO in Melaka where a majority of the units come with panoramic straits and city views.<\/span><\/p>",
            "on_sale": 0,
            "sold_out": 33,
            "pdf_file": "",
            "excel_file": "",
            "image": "abs\/NYMHWcLbC3gKBcGKoTSCHJgC5ypDTHHBSOajU1Yv.jpg|abs\/YJEQyAIOTamFxlvFShPeZpuKvJYXQ3dseNOBPB9g.jpg|abs\/sPzO08QTcNgd9wKycX1U21Sq5GWo3sJl5BDxYROK.jpg|abs\/H6ltOspHT163QgLM7un1CPaEk5aWptGXhYiFhwWD.jpg|abs\/dGDQBFZtn4FF00NbG9H9MLGGilpQj5Jd18BkORSI.jpg|abs\/OlqOzbnvWCH7UDv1JKVjS2vTOTwbknC0YW13DpQx.jpg|abs\/zOPmYWQOIyzJ8L0jy3tflsJENAmVZi36khUfrWIz.jpg|abs\/4cdMn6IWk6OIL8lGOr3q5XR2aJgnbdtEiVWTu5m0.jpg",
            "location": "The Apple Melaka, Lorong Haji Bachee, Kampung Bukit China, Malacca",
            "status": 1,
            "created_at": "2022-02-13T09:33:07.000000Z",
            "updated_at": "2022-07-28T08:44:16.000000Z"
        }
    ],
    "first_page_url": "https:\/\/api.abs.agency\/api\/project?page=1",
    "from": 1,
    "last_page": 1,
    "last_page_url": "https:\/\/api.abs.agency\/api\/project?page=1",
    "next_page_url": null,
    "path": "https:\/\/api.abs.agency\/api\/project",
    "per_page": "20",
    "prev_page_url": null,
    "to": 6,
    "total": 6
}