{
    "daily_return": "0.1356",
    "monthly_return": "2.4203",
    "yearly_return": "28.6521",
    "total_payout": 0.4068,
    "date": "2022-08-17",
    "graph": [
        {
            "date": "2022-08-12",
            "percent": "0.1375"
        },
        {
            "date": "2022-08-13",
            "percent": "0.1354"
        },
        {
            "date": "2022-08-14",
            "percent": "0.1433"
        },
        {
            "date": "2022-08-15",
            "percent": "0.1573"
        },
        {
            "date": "2022-08-16",
            "percent": "0.1484"
        },
        {
            "date": "2022-08-17",
            "percent": "0.1356"
        }
    ]
}