[
    {
        "id": 637,
        "name": "9ss0001",
        "email": "mingchyuan10013@gmail.com",
        "phone_number": "112233445",
        "fullname": "9ss0001",
        "email_verified_at": null,
        "register_date": "2022-01-30T16:29:56.000000Z",
        "expire_date": "2023-01-30T16:29:56.000000Z",
        "status": 1,
        "ranking": 6,
        "sponsor_id": 632,
        "sponsor_structure": "-|1|2|5|6|7|8|9|11|12|13|14|387|388|389|390|391|392|393|394|395|607|608|610|612|615|617|619|621|623|626|627|632",
        "announcement_date": null,
        "isfirst_login": "N",
        "invite_code": "J6QYU1",
        "country_id": 1,
        "province_id": 0,
        "created_at": null,
        "updated_at": null,
        "tac_code": null,
        "expired_at": null,
        "is_free": 0,
        "usdt_address": "TRzE5nJuoi4Y5cwaJHpikLaKQZYNyNRKE8",
        "usdt_withdrawal_address": null,
        "is_auto_withdrawal": "Y",
        "is_leader": "N",
        "leader_id": 387,
        "rankings": {
            "id": 6,
            "name": "Agency Manager",
            "name_cn": "\u4ee3\u7406\u7ecf\u7406",
            "min_group": 0,
            "min_sponsor": 3,
            "sponsor_ranking": 5,
            "sponsor_ranking_count": 3,
            "status": 1,
            "created_by": 0,
            "updated_by": 0,
            "created_at": null,
            "updated_at": null,
            "min_group_sale": 1000000,
            "min_direct_sales": 10000,
            "min_self_sales": 1000
        },
        "country": {
            "id": 1,
            "name": "Malaysia",
            "name_cn": "\u9a6c\u6765\u897f\u4e9a",
            "selling_currency": "4.1332",
            "buying_currency": "4.3451",
            "symbol": "MYR",
            "calling_code": "60",
            "status": 1,
            "created_by": 0,
            "updated_by": 0,
            "created_at": null,
            "updated_at": null
        },
        "province": null
    }
]